{
  "TYPE" : "Workflow",
  "version" : "1.0.0",
  "timeZone" : "Etc/UTC",
  "orderPreparation" : {
    "parameters" : {
      "countries" : {
        "type" : "List",
        "listParameters" : {
          "countryCode" : {
            "type" : "String"
          }
        }
      }
    },
    "allowUndeclared" : false
  },
  "jobResourceNames" : [ "Default" ],
  "instructions" : [ {
    "TYPE" : "ForkList",
    "children" : "countries",
    "childToId" : "countryCode",
    "workflow" : {
      "instructions" : [ {
        "TYPE" : "Execute.Named",
        "jobName" : "job1",
        "label" : "job1"
      }, {
        "TYPE" : "Execute.Named",
        "jobName" : "job2",
        "label" : "job2"
      } ]
    },
    "joinIfFailed" : false
  } ],
  "jobs" : {
    "job1" : {
      "agentName" : "windowsAgent",
      "executable" : {
        "TYPE" : "ShellScriptExecutable",
        "script" : "@echo off\n@echo using workflow: %JS7_WORKFLOW_NAME%\n@echo running job: %JS7_JOB_NAME%\n\n@echo job running for country code: %COUNTRY_CODE%\n\nping -n 6 localhost > NUL\n",
        "env" : {
          "COUNTRY_CODE" : "$countryCode"
        },
        "v1Compatible" : false
      },
      "skipIfNoAdmissionForOrderDay" : false,
      "parallelism" : 100,
      "graceTimeout" : 15,
      "failOnErrWritten" : false
    },
    "job2" : {
      "agentName" : "windowsAgent",
      "executable" : {
        "TYPE" : "ShellScriptExecutable",
        "script" : "@echo off\n@echo using workflow: %JS7_WORKFLOW_NAME%\n@echo running job: %JS7_JOB_NAME%\n\n@echo job running for country code: %COUNTRY_CODE%\n\nping -n 6 localhost > NUL\n",
        "env" : {
          "COUNTRY_CODE" : "$countryCode"
        },
        "v1Compatible" : false
      },
      "skipIfNoAdmissionForOrderDay" : false,
      "parallelism" : 100,
      "graceTimeout" : 15,
      "failOnErrWritten" : false
    }
  }
}