{
  "TYPE" : "Workflow",
  "version" : "1.0.0",
  "timeZone" : "Etc/UTC",
  "title" : "Parallel execution of jobs in a workflow",
  "documentationName" : "PKB-JS7-OnlineDemo-Workflow-jdFork",
  "jobResourceNames" : [ "Default" ],
  "instructions" : [ {
    "TYPE" : "Execute.Named",
    "jobName" : "job1",
    "label" : "job1"
  }, {
    "TYPE" : "Fork",
    "branches" : [ {
      "id" : "branch1",
      "workflow" : {
        "instructions" : [ {
          "TYPE" : "Execute.Named",
          "jobName" : "job2_1a",
          "label" : "job2_1a"
        }, {
          "TYPE" : "Execute.Named",
          "jobName" : "job2_1b",
          "label" : "job2_1b"
        }, {
          "TYPE" : "Execute.Named",
          "jobName" : "job2_1c",
          "label" : "job2_1c"
        } ]
      }
    }, {
      "id" : "branch2",
      "workflow" : {
        "instructions" : [ {
          "TYPE" : "Execute.Named",
          "jobName" : "job2_2a",
          "label" : "job2_2a"
        }, {
          "TYPE" : "Execute.Named",
          "jobName" : "job2_2b",
          "label" : "job2_2b"
        } ]
      }
    } ],
    "joinIfFailed" : false
  }, {
    "TYPE" : "Execute.Named",
    "jobName" : "job3",
    "label" : "job3"
  } ],
  "jobs" : {
    "job1" : {
      "agentName" : "windowsAgent",
      "executable" : {
        "TYPE" : "ShellScriptExecutable",
        "script" : "@echo off\n@echo using workflow: %JS7_WORKFLOW_NAME%\n@echo running job: %JS7_JOB_NAME%\n\nping -n 11 localhost > NUL",
        "v1Compatible" : false
      },
      "skipIfNoAdmissionForOrderDay" : false,
      "parallelism" : 1,
      "graceTimeout" : 15,
      "failOnErrWritten" : false
    },
    "job2_1a" : {
      "agentName" : "windowsAgent",
      "executable" : {
        "TYPE" : "ShellScriptExecutable",
        "script" : "@echo off\n@echo running job: %JS7_JOB_NAME%\n\nping -n 6 localhost > NUL",
        "v1Compatible" : false
      },
      "skipIfNoAdmissionForOrderDay" : false,
      "parallelism" : 1,
      "graceTimeout" : 15,
      "failOnErrWritten" : false
    },
    "job2_1b" : {
      "agentName" : "windowsAgent",
      "executable" : {
        "TYPE" : "ShellScriptExecutable",
        "script" : "@echo off\n@echo running job: %JS7_JOB_NAME%\n\nping -n 6 localhost > NUL",
        "v1Compatible" : false
      },
      "skipIfNoAdmissionForOrderDay" : false,
      "parallelism" : 1,
      "graceTimeout" : 15,
      "failOnErrWritten" : false
    },
    "job2_1c" : {
      "agentName" : "windowsAgent",
      "executable" : {
        "TYPE" : "ShellScriptExecutable",
        "script" : "@echo off\n@echo running job: %JS7_JOB_NAME%\n\nping -n 6 localhost > NUL",
        "v1Compatible" : false
      },
      "skipIfNoAdmissionForOrderDay" : false,
      "parallelism" : 1,
      "graceTimeout" : 15,
      "failOnErrWritten" : false
    },
    "job2_2a" : {
      "agentName" : "windowsAgent",
      "executable" : {
        "TYPE" : "ShellScriptExecutable",
        "script" : "@echo off\n@echo running job: %JS7_JOB_NAME%\n\nping -n 6 localhost > NUL",
        "v1Compatible" : false
      },
      "skipIfNoAdmissionForOrderDay" : false,
      "parallelism" : 1,
      "graceTimeout" : 15,
      "failOnErrWritten" : false
    },
    "job2_2b" : {
      "agentName" : "windowsAgent",
      "executable" : {
        "TYPE" : "ShellScriptExecutable",
        "script" : "@echo off\n@echo running job: %JS7_JOB_NAME%\n\nping -n 6 localhost > NUL",
        "v1Compatible" : false
      },
      "skipIfNoAdmissionForOrderDay" : false,
      "parallelism" : 1,
      "graceTimeout" : 15,
      "failOnErrWritten" : false
    },
    "job3" : {
      "agentName" : "windowsAgent",
      "executable" : {
        "TYPE" : "ShellScriptExecutable",
        "script" : "@echo off\n@echo running job: %JS7_JOB_NAME%\n\nping -n 6 localhost > NUL",
        "v1Compatible" : false
      },
      "skipIfNoAdmissionForOrderDay" : false,
      "parallelism" : 1,
      "graceTimeout" : 15,
      "failOnErrWritten" : false
    }
  }
}