{
  "TYPE" : "Workflow",
  "version" : "1.0.0",
  "timeZone" : "Etc/UTC",
  "title" : "Use of exclusive resource locks to force serialization",
  "documentationName" : "PKB-JS7-OnlineDemo-Workflow-jdExclusiveLockSerial",
  "jobResourceNames" : [ "Default" ],
  "instructions" : [ {
    "TYPE" : "Execute.Named",
    "jobName" : "job1",
    "label" : "job1"
  }, {
    "TYPE" : "Fork",
    "branches" : [ {
      "id" : "smallLock",
      "workflow" : {
        "instructions" : [ {
          "TYPE" : "Lock",
          "lockName" : "jdwLockSmall",
          "lockedWorkflow" : {
            "instructions" : [ {
              "TYPE" : "Execute.Named",
              "jobName" : "job2_1a",
              "label" : "step2_1a"
            }, {
              "TYPE" : "Execute.Named",
              "jobName" : "job2_1b",
              "label" : "step2_1b"
            } ]
          }
        } ]
      }
    }, {
      "id" : "bigLock",
      "workflow" : {
        "instructions" : [ {
          "TYPE" : "Lock",
          "lockName" : "jdwLockBig",
          "lockedWorkflow" : {
            "instructions" : [ {
              "TYPE" : "Try",
              "try" : {
                "instructions" : [ {
                  "TYPE" : "Execute.Named",
                  "jobName" : "job2_2a",
                  "label" : "step2_2a"
                }, {
                  "TYPE" : "Execute.Named",
                  "jobName" : "job2_2b",
                  "label" : "step2_2b"
                }, {
                  "TYPE" : "Execute.Named",
                  "jobName" : "job2_2c",
                  "label" : "step2_2c"
                } ]
              },
              "catch" : {
                "instructions" : [ {
                  "TYPE" : "Retry"
                } ]
              },
              "maxTries" : 10,
              "retryDelays" : [ 10 ]
            } ]
          }
        } ]
      }
    } ],
    "joinIfFailed" : false
  }, {
    "TYPE" : "Execute.Named",
    "jobName" : "job3",
    "label" : "step3"
  } ],
  "jobs" : {
    "job1" : {
      "agentName" : "windowsAgent",
      "executable" : {
        "TYPE" : "ShellScriptExecutable",
        "script" : "@echo off\n@echo using workflow: %JS7_WORKFLOW_NAME%\n@echo running job: %JS7_JOB_NAME%\n\nping -n 9 localhost > NUL",
        "v1Compatible" : false
      },
      "skipIfNoAdmissionForOrderDay" : false,
      "parallelism" : 1,
      "graceTimeout" : 15,
      "failOnErrWritten" : false
    },
    "job2_1a" : {
      "agentName" : "windowsAgent",
      "executable" : {
        "TYPE" : "ShellScriptExecutable",
        "script" : "@echo off\n@echo using workflow: %JS7_WORKFLOW_NAME%\n@echo running job: %JS7_JOB_NAME%\n\n@echo small lock acquired\n\nping -n 11 localhost > NUL\n",
        "v1Compatible" : false
      },
      "skipIfNoAdmissionForOrderDay" : false,
      "parallelism" : 1,
      "graceTimeout" : 15,
      "failOnErrWritten" : false
    },
    "job2_1b" : {
      "agentName" : "windowsAgent",
      "executable" : {
        "TYPE" : "ShellScriptExecutable",
        "script" : "@echo off\n@echo using workflow: %JS7_WORKFLOW_NAME%\n@echo running job: %JS7_JOB_NAME%\n\n@echo small lock acquired\n\nping -n 11 localhost > NUL\n",
        "v1Compatible" : false
      },
      "skipIfNoAdmissionForOrderDay" : false,
      "parallelism" : 1,
      "graceTimeout" : 15,
      "failOnErrWritten" : false
    },
    "job2_2a" : {
      "agentName" : "windowsAgent",
      "executable" : {
        "TYPE" : "ShellScriptExecutable",
        "script" : "@echo off\n@echo using workflow: %JS7_WORKFLOW_NAME%\n@echo running job: %JS7_JOB_NAME%\n\n@echo big lock acquired\n\nping -n 11 localhost > NUL\n",
        "v1Compatible" : false
      },
      "skipIfNoAdmissionForOrderDay" : false,
      "parallelism" : 1,
      "graceTimeout" : 15,
      "failOnErrWritten" : false
    },
    "job2_2b" : {
      "agentName" : "windowsAgent",
      "executable" : {
        "TYPE" : "ShellScriptExecutable",
        "script" : "@echo off\n@echo using workflow: %JS7_WORKFLOW_NAME%\n@echo running job: %JS7_JOB_NAME%\n\n@echo big lock acquired\n\nping -n 11 localhost > NUL\n",
        "v1Compatible" : false
      },
      "skipIfNoAdmissionForOrderDay" : false,
      "parallelism" : 1,
      "graceTimeout" : 15,
      "failOnErrWritten" : false,
      "jobClass" : "/jobClass1"
    },
    "job2_2c" : {
      "agentName" : "windowsAgent",
      "executable" : {
        "TYPE" : "ShellScriptExecutable",
        "script" : "@echo off\n@echo using workflow: %JS7_WORKFLOW_NAME%\n@echo running job: %JS7_JOB_NAME%\n\n@echo big lock acquired\n\nping -n 11 localhost > NUL\n",
        "v1Compatible" : false
      },
      "skipIfNoAdmissionForOrderDay" : false,
      "parallelism" : 1,
      "graceTimeout" : 15,
      "failOnErrWritten" : false
    },
    "job3" : {
      "agentName" : "windowsAgent",
      "executable" : {
        "TYPE" : "ShellScriptExecutable",
        "script" : "@echo off\n@echo using workflow: %JS7_WORKFLOW_NAME%\n@echo running job: %JS7_JOB_NAME%\n\nping -n 6 localhost > NUL\n",
        "v1Compatible" : false
      },
      "skipIfNoAdmissionForOrderDay" : false,
      "parallelism" : 1,
      "graceTimeout" : 15,
      "failOnErrWritten" : false
    }
  }
}