{
  "TYPE" : "Workflow",
  "version" : "1.0.0",
  "timeZone" : "Etc/UTC",
  "title" : "Passing variables between jobs",
  "documentationName" : "PKB-JS7-OnlineDemo-Workflow-jdVariablesAdHoc",
  "jobResourceNames" : [ "Default" ],
  "instructions" : [ {
    "TYPE" : "Execute.Named",
    "jobName" : "job1",
    "label" : "job1"
  }, {
    "TYPE" : "Execute.Named",
    "jobName" : "job2",
    "label" : "job2"
  }, {
    "TYPE" : "Execute.Named",
    "jobName" : "job3",
    "label" : "job3"
  }, {
    "TYPE" : "Execute.Named",
    "jobName" : "job4",
    "label" : "job4"
  } ],
  "jobs" : {
    "job1" : {
      "agentName" : "windowsAgent",
      "executable" : {
        "TYPE" : "ShellScriptExecutable",
        "script" : "@echo off\n@echo \"running job: %JS7_JOB_NAME%\n\n@rem example: flight ticket booked with booking code and destination\nset BOOKING_CODE=\"CX123\"\nset FLIGHT_DESTINATION=\"Paris\"\n\n@echo creating booking code: %BOOKING_CODE%\n@echo booking_code=%BOOKING_CODE% >> %JS7_RETURN_VALUES%\n\n@echo adding flight destination: %FLIGHT_DESTINATION%\n@echo flight_destination=%FLIGHT_DESTINATION% >> %JS7_RETURN_VALUES%\n\nping -n 6 localhost > NUL",
        "v1Compatible" : false
      },
      "skipIfNoAdmissionForOrderDay" : false,
      "parallelism" : 1,
      "graceTimeout" : 15,
      "failOnErrWritten" : false
    },
    "job2" : {
      "agentName" : "windowsAgent",
      "executable" : {
        "TYPE" : "ShellScriptExecutable",
        "script" : "@echo off\n@echo running job: %JS7_JOB_NAME%\n\n@echo reading booking code from order variable: BOOKING_CODE = %BOOKING_CODE%\n@echo reading flight destination from order variable: FLIGHT_DESTINATION = %FLIGHT_DESTINATION%\n\nset FLIGHT_DESTINATION=\"New York\"\n\n@echo modifying flight destination: %FLIGHT_DESTINATION%\n@echo flight_destination=%FLIGHT_DESTINATION% >> %JS7_RETURN_VALUES%\n\nping -n 6 localhost > NUL",
        "env" : {
          "BOOKING_CODE" : "$booking_code",
          "FLIGHT_DESTINATION" : "$flight_destination"
        },
        "v1Compatible" : false
      },
      "skipIfNoAdmissionForOrderDay" : false,
      "parallelism" : 1,
      "graceTimeout" : 15,
      "failOnErrWritten" : false
    },
    "job3" : {
      "agentName" : "windowsAgent",
      "executable" : {
        "TYPE" : "ShellScriptExecutable",
        "script" : "@echo off\n@echo running job: %JS7_JOB_NAME%\n\n@echo reading booking code from order variable: BOOKING_CODE = %BOOKING_CODE%\n@echo reading flight destination from order variable: FLIGHT_DESTINATION = %FLIGHT_DESTINATION%\n\nset FLIGHT_DESTINATION=\"Sidney\"\n\n@echo modifying flight destination: %FLIGHT_DESTINATION%\n@echo flight_destination=%FLIGHT_DESTINATION% >> %JS7_RETURN_VALUES%\n\nping -n 6 localhost > NUL",
        "env" : {
          "BOOKING_CODE" : "$booking_code",
          "FLIGHT_DESTINATION" : "$flight_destination"
        },
        "v1Compatible" : false
      },
      "skipIfNoAdmissionForOrderDay" : false,
      "parallelism" : 1,
      "graceTimeout" : 15,
      "failOnErrWritten" : false
    },
    "job4" : {
      "agentName" : "windowsAgent",
      "executable" : {
        "TYPE" : "ShellScriptExecutable",
        "script" : "@echo off\n@echo running job: %JS7_JOB_NAME%\n\n@echo reading booking code from order variable: BOOKING_CODE = %BOOKING_CODE%\n@echo reading flight destination from order variable: FLIGHT_DESTINATION = %FLIGHT_DESTINATION%\n\nping -n 6 localhost > NUL",
        "env" : {
          "BOOKING_CODE" : "$booking_code",
          "FLIGHT_DESTINATION" : "$flight_destination"
        },
        "v1Compatible" : false
      },
      "skipIfNoAdmissionForOrderDay" : false,
      "parallelism" : 1,
      "graceTimeout" : 15,
      "failOnErrWritten" : false
    }
  }
}