{
  "TYPE" : "Workflow",
  "version" : "1.0.0",
  "timeZone" : "Etc/UTC",
  "title" : "Using variables from node arguments",
  "documentationName" : "PKB-JS7-OnlineDemo-Workflow-jdVariablesNodes",
  "orderPreparation" : {
    "parameters" : {
      "booking_code" : {
        "type" : "String",
        "default" : "'TX78'"
      },
      "flight_destination" : {
        "type" : "String",
        "default" : "'Japan'"
      }
    },
    "allowUndeclared" : false
  },
  "instructions" : [ {
    "TYPE" : "Execute.Named",
    "jobName" : "job1",
    "label" : "job1"
  }, {
    "TYPE" : "Execute.Named",
    "jobName" : "job2",
    "label" : "job2"
  }, {
    "TYPE" : "Execute.Named",
    "jobName" : "job3",
    "label" : "job3"
  }, {
    "TYPE" : "Execute.Named",
    "jobName" : "job4",
    "label" : "job4a",
    "defaultArguments" : {
      "node_booking_code" : "'TX78'",
      "node_flight_destination" : "'Berlin'"
    }
  }, {
    "TYPE" : "Execute.Named",
    "jobName" : "job4",
    "label" : "job4b",
    "defaultArguments" : {
      "node_booking_code" : "'CZDZ'",
      "node_flight_destination" : "'Prague'"
    }
  }, {
    "TYPE" : "Execute.Named",
    "jobName" : "job5",
    "label" : "job5"
  }, {
    "TYPE" : "Execute.Named",
    "jobName" : "job6",
    "label" : "job6"
  } ],
  "jobs" : {
    "job1" : {
      "agentName" : "windowsAgent",
      "executable" : {
        "TYPE" : "ShellScriptExecutable",
        "script" : "@echo off\n@echo running job: $JS7_JOB_NAME\n\n@echo reading booking code from order variable: BOOKING_CODE = %BOOKING_CODE%\n@echo reading flight destination from order variable: FLIGHT_DESTINATION = %FLIGHT_DESTINATION%\n\nping -n 6 localhost > NULL",
        "env" : {
          "BOOKING_CODE" : "$booking_code",
          "FLIGHT_DESTINATION" : "$flight_destination"
        },
        "v1Compatible" : false
      },
      "skipIfNoAdmissionForOrderDay" : false,
      "parallelism" : 1,
      "graceTimeout" : 15,
      "failOnErrWritten" : false
    },
    "job2" : {
      "agentName" : "windowsAgent",
      "executable" : {
        "TYPE" : "ShellScriptExecutable",
        "script" : "@echo off\n@echo running job: %JS7_JOB_NAME%\n\n@echo reading booking code from order variable: BOOKING_CODE = %BOOKING_CODE%\n@echo reading flight destination from order variable: FLIGHT_DESTINATION = %FLIGHT_DESTINATION%\n\nset NEW_BOOKING_CODE=\"TX78\"\nset NEW_FLIGHT_DESTINATION=\"Brazil\"\n\n@echo modifying booking code: %NEW_BOOKING_CODE%\n@echo new_booking_code=%NEW_BOOKING_CODE% >> %JS7_RETURN_VALUES%\n\n@echo modifying flight destination: %NEW_FLIGHT_DESTINATION%\n@echo new_flight_destination=%NEW_FLIGHT_DESTINATION% >> %JS7_RETURN_VALUES%\n\nping -n 6 localhost > NUL\n",
        "env" : {
          "BOOKING_CODE" : "$booking_code",
          "FLIGHT_DESTINATION" : "$flight_destination"
        },
        "v1Compatible" : false
      },
      "skipIfNoAdmissionForOrderDay" : false,
      "parallelism" : 1,
      "graceTimeout" : 15,
      "failOnErrWritten" : false
    },
    "job3" : {
      "agentName" : "windowsAgent",
      "executable" : {
        "TYPE" : "ShellScriptExecutable",
        "script" : "@echo off\n@echo running job: %JS7_JOB_NAME%\n\n@echo reading booking code from order variable: BOOKING_CODE = %BOOKING_CODE%\n@echo reading flight destination from order variable: FLIGHT_DESTINATION = %FLIGHT_DESTINATION%\n\nping -n 6 localhost > NUL",
        "env" : {
          "BOOKING_CODE" : "$new_booking_code",
          "FLIGHT_DESTINATION" : "$new_flight_destination"
        },
        "v1Compatible" : false
      },
      "skipIfNoAdmissionForOrderDay" : false,
      "parallelism" : 1,
      "graceTimeout" : 15,
      "failOnErrWritten" : false
    },
    "job4" : {
      "agentName" : "windowsAgent",
      "executable" : {
        "TYPE" : "ShellScriptExecutable",
        "script" : "@echo off\n@echo running job: %JS7_JOB_NAME%\n\n@echo reading booking code from order variable: NODE_BOOKING_CODE = %NODE_BOOKING_CODE%\n@echo reading flight destination from order variable: NODE_FLIGHT_DESTINATION = %NODE_FLIGHT_DESTINATION%\n\nping -n 6 localhost > NUL",
        "env" : {
          "NODE_BOOKING_CODE" : "$node_booking_code",
          "NODE_FLIGHT_DESTINATION" : "$node_flight_destination"
        },
        "v1Compatible" : false
      },
      "skipIfNoAdmissionForOrderDay" : false,
      "parallelism" : 1,
      "graceTimeout" : 15,
      "failOnErrWritten" : false
    },
    "job5" : {
      "agentName" : "windowsAgent",
      "executable" : {
        "TYPE" : "ShellScriptExecutable",
        "script" : "@echo off\n@echo running job: %JS7_JOB_NAME%\n\n@echo reading booking code from order variable: BOOKING_CODE = %BOOKING_CODE%\n@echo reading flight destination from order variable: FLIGHT_DESTINATION = %FLIGHT_DESTINATION%\n\nping -n 6 localhost > NUL",
        "env" : {
          "BOOKING_CODE" : "$new_booking_code",
          "FLIGHT_DESTINATION" : "$new_flight_destination"
        },
        "v1Compatible" : false
      },
      "skipIfNoAdmissionForOrderDay" : false,
      "parallelism" : 1,
      "graceTimeout" : 15,
      "failOnErrWritten" : false
    },
    "job6" : {
      "agentName" : "windowsAgent",
      "executable" : {
        "TYPE" : "ShellScriptExecutable",
        "script" : "@echo off\n@echo running job: %JS7_JOB_NAME%\n\n@echo reading booking code from order variable: BOOKING_CODE = %BOOKING_CODE%\n@echo reading flight destination from order variable: FLIGHT_DESTINATION = %FLIGHT_DESTINATION%\n\nping -n 6 localhost > NUL",
        "env" : {
          "BOOKING_CODE" : "$new_booking_code",
          "FLIGHT_DESTINATION" : "$new_flight_destination"
        },
        "v1Compatible" : false
      },
      "skipIfNoAdmissionForOrderDay" : false,
      "parallelism" : 1,
      "graceTimeout" : 15,
      "failOnErrWritten" : false
    }
  }
}