{
  "TYPE" : "Workflow",
  "version" : "1.0.0",
  "timeZone" : "Etc/UTC",
  "title" : "First workflow in a sequence of workflows",
  "orderPreparation" : {
    "parameters" : {
      "booking_code" : {
        "type" : "String",
        "default" : "\"BC45\""
      },
      "flight_destination" : {
        "type" : "String",
        "default" : "\"London\""
      }
    },
    "allowUndeclared" : false
  },
  "jobResourceNames" : [ "Default" ],
  "instructions" : [ {
    "TYPE" : "Execute.Named",
    "jobName" : "job1",
    "label" : "job1"
  }, {
    "TYPE" : "If",
    "predicate" : "$returnCode == 0",
    "then" : {
      "instructions" : [ {
        "TYPE" : "AddOrder",
        "workflowName" : "jdwSequenceReceiveOrder",
        "arguments" : {
          "booking_code" : "$booking_code",
          "flight_destination" : "$flight_destination",
          "desired_seat_no" : 3,
          "desired_newspaper" : true
        },
        "remainWhenTerminated" : false
      } ]
    }
  }, {
    "TYPE" : "Execute.Named",
    "jobName" : "job2",
    "label" : "job2"
  } ],
  "jobs" : {
    "job1" : {
      "agentName" : "windowsAgent",
      "executable" : {
        "TYPE" : "ShellScriptExecutable",
        "script" : "@echo off\n@echo using workflow: %JS7_WORKFLOW_NAME%\n@echo running job: %JS7_JOB_NAME%\n\n@echo booking code: %BOOKING_CODE$\n@echo flight destination: %FLIGHT_DESTINATION%\n",
        "env" : {
          "BOOKING_CODE" : "$booking_code",
          "FLIGHT_DESTINATION" : "$flight_destination"
        },
        "v1Compatible" : false
      },
      "skipIfNoAdmissionForOrderDay" : false,
      "parallelism" : 1,
      "graceTimeout" : 15,
      "failOnErrWritten" : false
    },
    "job2" : {
      "agentName" : "windowsAgent",
      "executable" : {
        "TYPE" : "ShellScriptExecutable",
        "script" : "@echo off\n@echo using workflow: %JS7_WORKFLOW_NAME%\n@echo running job: %JS7_JOB_NAME%\n",
        "v1Compatible" : false
      },
      "skipIfNoAdmissionForOrderDay" : false,
      "parallelism" : 1,
      "graceTimeout" : 15,
      "failOnErrWritten" : false
    }
  }
}