{
  "TYPE" : "Workflow",
  "version" : "1.0.0",
  "timeZone" : "Europe/Berlin",
  "orderPreparation" : {
    "parameters" : {
      "booking_code" : {
        "type" : "String"
      },
      "flight_destination" : {
        "type" : "String"
      },
      "desired_seat_no" : {
        "type" : "Number",
        "default" : "0"
      },
      "desired_newspaper" : {
        "type" : "Boolean",
        "default" : "false"
      }
    },
    "allowUndeclared" : false
  },
  "jobResourceNames" : [ "Default" ],
  "instructions" : [ {
    "TYPE" : "Execute.Named",
    "jobName" : "job1",
    "label" : "job1"
  } ],
  "jobs" : {
    "job1" : {
      "agentName" : "windowsAgent",
      "executable" : {
        "TYPE" : "ShellScriptExecutable",
        "script" : "@echo off\n@echo using workflow: %JS7_WORKFLOW_NAME%\n@echo running job: %JS7_JOB_NAME%\n\n@echo booking code: %BOOKING_CODE$\n@echo flight destination: %FLIGHT_DESTINATION%\n\n@echo desired seat no: %DESIRED_SEAT_NO%\n@echo desired newspaper: %DESIRED_NEWSPAPER%\n",
        "env" : {
          "BOOKING_CODE" : "$booking_code",
          "FLIGHT_DESTINATION" : "$flight_destination",
          "DESIRED_SEAT_NO" : "$desired_seat_no",
          "DESIRED_NEWSPAPER" : "\"$desired_newspaper \""
        },
        "v1Compatible" : false
      },
      "skipIfNoAdmissionForOrderDay" : false,
      "parallelism" : 1,
      "graceTimeout" : 15,
      "failOnErrWritten" : false
    }
  }
}