{
  "TYPE" : "Workflow",
  "version" : "1.0.0",
  "timeZone" : "Etc/UTC",
  "jobResourceNames" : [ "Default" ],
  "instructions" : [ {
    "TYPE" : "Execute.Named",
    "jobName" : "job1",
    "label" : "job1"
  }, {
    "TYPE" : "Execute.Named",
    "jobName" : "job2",
    "label" : "job2"
  }, {
    "TYPE" : "Execute.Named",
    "jobName" : "job3",
    "label" : "job3"
  } ],
  "jobs" : {
    "job1" : {
      "agentName" : "windowsAgent",
      "executable" : {
        "TYPE" : "ShellScriptExecutable",
        "script" : "@echo off\n@echo using workflow: %JS7_WORKFLOW_NAME%\n@echo running job: %JS7_JOB_NAME%\n",
        "v1Compatible" : false
      },
      "skipIfNoAdmissionForOrderDay" : false,
      "parallelism" : 1,
      "graceTimeout" : 15,
      "failOnErrWritten" : false
    },
    "job2" : {
      "agentName" : "windowsAgent",
      "executable" : {
        "TYPE" : "ShellScriptExecutable",
        "script" : "@echo off\n@echo using workflow: %JS7_WORKFLOW_NAME%\n@echo running job: %JS7_JOB_NAME%\n",
        "v1Compatible" : false
      },
      "admissionTimeScheme" : {
        "periods" : [ {
          "TYPE" : "WeekdayPeriod",
          "secondOfWeek" : 230400,
          "duration" : 7200
        }, {
          "TYPE" : "WeekdayPeriod",
          "secondOfWeek" : 565200,
          "duration" : 14400
        } ]
      },
      "skipIfNoAdmissionForOrderDay" : true,
      "parallelism" : 1,
      "graceTimeout" : 15,
      "failOnErrWritten" : false
    },
    "job3" : {
      "agentName" : "windowsAgent",
      "executable" : {
        "TYPE" : "ShellScriptExecutable",
        "script" : "@echo off\n@echo using workflow: %JS7_WORKFLOW_NAME%\n@echo running job: %JS7_JOB_NAME%\n",
        "v1Compatible" : false
      },
      "skipIfNoAdmissionForOrderDay" : false,
      "parallelism" : 1,
      "graceTimeout" : 15,
      "failOnErrWritten" : false
    }
  }
}