{
  "TYPE" : "Workflow",
  "version" : "1.0.0",
  "timeZone" : "Etc/UTC",
  "title" : "Hello World example for a running log",
  "documentationName" : "PKB-JS7-OnlineDemo-Workflow-HelloWorld",
  "jobResourceNames" : [ "Default" ],
  "instructions" : [ {
    "TYPE" : "Execute.Named",
    "jobName" : "job-running-log",
    "label" : "job-running-log"
  } ],
  "jobs" : {
    "job-running-log" : {
      "agentName" : "windowsAgent",
      "executable" : {
        "TYPE" : "ShellScriptExecutable",
        "script" : "@echo off\n@echo using workflow: %JS7_WORKFLOW_NAME%\n@echo running job: %JS7_JOB_NAME%\n\n@for /l %%i in (1,1,100) do (\n  @echo Hello World no. %%i\n  ping -n 2 localhost > null\n)\n\n",
        "v1Compatible" : false
      },
      "skipIfNoAdmissionForOrderDay" : false,
      "parallelism" : 1,
      "graceTimeout" : 15,
      "failOnErrWritten" : false,
      "title" : "Write log output for running log"
    }
  }
}